{"cameraMode":{"drawMode":0,"name":"Shaded","section":"Shading Mode"},"sceneLighting":true,"audioPlay":false,"sceneViewState":{"m_AlwaysRefresh":false,"showFog":true,"showSkybox":true,"showFlares":true,"showImageEffects":true,"showParticleSystems":true,"showVisualEffectGraphs":true,"m_FxEnabled":true},"in2DMode":false,"pivot":{"x":-31.51582908630371,"y":2.3724756240844728,"z":25.603967666625978},"rotation":{"x":0.0382901132106781,"y":0.34495365619659426,"z":-0.014086293056607247,"w":0.9377375841140747},"size":0.1614837646484375,"orthographic":false}